{"cameraMode":{"drawMode":0,"name":"Shaded","section":"Shading Mode"},"sceneLighting":true,"audioPlay":false,"sceneViewState":{"showFog":true,"showMaterialUpdate":false,"showSkybox":true,"showFlares":true,"showImageEffects":true,"showParticleSystems":true},"in2DMode":false,"pivot":{"x":1.287109375,"y":-0.55224609375,"z":-2.3751220703125},"rotation":{"x":-0.2875082492828369,"y":0.5732677578926086,"z":-0.22466278076171876,"w":-0.7336414456367493},"size":10.232501029968262,"orthographic":true}